{"cameraMode":{"drawMode":2,"name":"Shaded Wireframe","section":"Shading Mode"},"sceneLighting":true,"audioPlay":false,"sceneViewState":{"showFog":true,"showMaterialUpdate":false,"showSkybox":true,"showFlares":true,"showImageEffects":true,"showParticleSystems":true},"in2DMode":false,"pivot":{"x":0.9049009680747986,"y":6.207580089569092,"z":4.5367231369018559},"rotation":{"x":-0.06401467323303223,"y":0.9315812587738037,"z":-0.20178507268428803,"w":-0.295536607503891},"size":0.001558760297484696,"orthographic":false}