{"cameraMode":{"drawMode":0,"name":"Shaded","section":"Shading Mode"},"sceneLighting":true,"audioPlay":false,"sceneViewState":{"showFog":true,"showMaterialUpdate":false,"showSkybox":true,"showFlares":true,"showImageEffects":true,"showParticleSystems":true},"in2DMode":false,"pivot":{"x":0.30000001192092898,"y":2.7059998512268068,"z":0.4179999828338623},"rotation":{"x":-0.20918698608875276,"y":0.7137787938117981,"z":-0.23924791812896729,"w":-0.6241234540939331},"size":0.14638274908065797,"orthographic":false}