{"cameraMode":{"drawMode":0,"name":"Shaded","section":"Shading Mode"},"sceneLighting":false,"audioPlay":false,"sceneViewState":{"showFog":true,"showMaterialUpdate":false,"showSkybox":true,"showFlares":true,"showImageEffects":true,"showParticleSystems":true},"in2DMode":false,"pivot":{"x":15.104903221130371,"y":3.4101741313934328,"z":-0.0011833012104034424},"rotation":{"x":0.3747750520706177,"y":-0.026134366169571878,"z":0.010560057125985623,"w":0.9266993403434753},"size":1.3046822547912598,"orthographic":false}