{"cameraMode":{"drawMode":2,"name":"Shaded Wireframe","section":"Shading Mode"},"sceneLighting":false,"audioPlay":false,"sceneViewState":{"showFog":true,"showMaterialUpdate":false,"showSkybox":false,"showFlares":true,"showImageEffects":true,"showParticleSystems":true},"in2DMode":false,"pivot":{"x":0.3070000112056732,"y":2.7709999084472658,"z":0.8709999918937683},"rotation":{"x":-0.038095470517873767,"y":0.8676385879516602,"z":-0.06729813665151596,"w":-0.49114641547203066},"size":0.08660252392292023,"orthographic":false}