{"cameraMode":{"drawMode":0,"name":"Shaded","section":"Shading Mode"},"sceneLighting":false,"audioPlay":false,"sceneViewState":{"showFog":true,"showMaterialUpdate":false,"showSkybox":false,"showFlares":true,"showImageEffects":true,"showParticleSystems":true},"in2DMode":false,"pivot":{"x":5.960464477539063e-7,"y":0.9401887655258179,"z":-0.0000706017017364502},"rotation":{"x":0.16160942614078523,"y":0.8254971504211426,"z":-0.45398685336112978,"w":0.2938535213470459},"size":1.2442381381988526,"orthographic":false}