{"cameraMode":{"drawMode":0,"name":"Shaded","section":"Shading Mode"},"sceneLighting":false,"audioPlay":false,"sceneViewState":{"showFog":true,"showMaterialUpdate":false,"showSkybox":false,"showFlares":true,"showImageEffects":true,"showParticleSystems":true},"in2DMode":false,"pivot":{"x":0.3070000112056732,"y":2.7709999084472658,"z":0.8709999918937683},"rotation":{"x":-0.07881031185388565,"y":0.91973477602005,"z":-0.2435956448316574,"w":-0.29755884408950808},"size":0.08660252392292023,"orthographic":false}